country,postcards,top_theme,longitude,latitude
Australia,288,Exhibition Building,134.5,-25.7
Egypt,43,War & service,30.8,26.8
Iraq,42,War & service,43.7,33.2
United Kingdom,24,War & service,-2.5,54.0
India,21,War & service,78.9,22.0
France,12,War & service,2.4,46.6
Greece,7,War & service,22.0,39.3
Yemen,7,War & service,47.6,15.6
Algeria,4,Migration,2.6,28.0
Argentina,3,Other,-64.0,-34.0
South Africa,3,War & service,24.7,-29.0
Cape Verde,2,War & service,-23.6,15.1
Indonesia,2,War & service,117.0,-2.5
Turkey,2,War & service,35.2,39.0
Belgium,2,War & service,4.6,50.6
Germany,1,War & service,10.4,51.2
Japan,1,Migration,138.3,36.2
Lebanon,1,War & service,35.9,33.9
Nepal,1,War & service,84.1,28.4
Norway,1,War & service,8.5,61.0
Romania,1,War & service,25.0,45.9
Sri Lanka,1,Migration,80.7,7.9
